{
  "config": {
    "draws_per_system": 2000,
    "min_hill": 8.0,
    "seed": 20260711,
    "mass_strategy": "first",
    "transit_only": false
  },
  "sample": {
    "systems": 326,
    "bins": {
      "M": 45,
      "G": 114,
      "K": 122,
      "F": 45
    },
    "diagnostics": {
      "valid_lt3": 10
    }
  },
  "coverage": {
    "full_1_to_4": {
      "domain": [
        1.0,
        4.0
      ],
      "linear_fraction": 0.5554444444444449,
      "log_fraction": 0.5628454497447811,
      "merged": [
        [
          1.2125,
          1.2875
        ],
        [
          1.2933333333333332,
          1.442
        ],
        [
          1.455,
          1.545
        ],
        [
          1.552,
          1.7166666666666668
        ],
        [
          1.746,
          1.854
        ],
        [
          1.94,
          2.06
        ],
        [
          2.263333333333333,
          2.4033333333333338
        ],
        [
          2.425,
          2.575
        ],
        [
          2.5866666666666664,
          2.7466666666666666
        ],
        [
          2.91,
          3.09
        ],
        [
          3.395,
          3.605
        ],
        [
          3.88,
          4.0
        ]
      ]
    },
    "first_order_1_to_4": {
      "domain": [
        1.0,
        4.0
      ],
      "linear_fraction": 0.12166666666666674,
      "log_fraction": 0.17317536999218158,
      "merged": [
        [
          1.2125,
          1.2875
        ],
        [
          1.2933333333333332,
          1.3733333333333333
        ],
        [
          1.455,
          1.545
        ],
        [
          1.94,
          2.06
        ]
      ]
    }
  },
  "analyses": {
    "full": {
      "bins": {
        "M": {
          "n_systems": 40,
          "observed_system_mean": 67.08333333333333,
          "null_system_mean": 64.57874999999999,
          "mean_residual": 2.504583333333335,
          "residual_bootstrap_95ci": [
            -6.1704479166666655,
            10.810494791666661
          ],
          "residual_ttest_p_two_sided": 0.5743026948227046
        },
        "K": {
          "n_systems": 114,
          "observed_system_mean": 54.37134502923976,
          "null_system_mean": 57.04400584795322,
          "mean_residual": -2.67266081871345,
          "residual_bootstrap_95ci": [
            -8.257029422514618,
            2.9001215277777765
          ],
          "residual_ttest_p_two_sided": 0.3559461857997456
        },
        "G": {
          "n_systems": 105,
          "observed_system_mean": 47.523809523809526,
          "null_system_mean": 52.98240476190475,
          "mean_residual": -5.458595238095238,
          "residual_bootstrap_95ci": [
            -10.809596428571426,
            -0.15067142857144208
          ],
          "residual_ttest_p_two_sided": 0.0462742878106645
        },
        "F": {
          "n_systems": 41,
          "observed_system_mean": 58.472706155632984,
          "null_system_mean": 57.75293554006968,
          "mean_residual": 0.7197706155633001,
          "residual_bootstrap_95ci": [
            -7.567190040650405,
            8.495138646922177
          ],
          "residual_ttest_p_two_sided": 0.8640955123185273
        }
      },
      "quadratic": {
        "beta2": 16.797218321980825,
        "t": 0.9823297679327476,
        "p_one_tailed": 0.1633684719316495
      },
      "permutation": {
        "omnibus_bin_range_p": 0.42297885105744715,
        "quadratic_permutation_p": 0.168091595420229
      },
      "incomplete": [
        {
          "host": "2MASS J19383260+4603591",
          "accepted": 0,
          "attempts": 0
        },
        {
          "host": "GJ 876",
          "accepted": 0,
          "attempts": 0
        },
        {
          "host": "HD 10180",
          "accepted": 0,
          "attempts": 0
        },
        {
          "host": "HD 176986",
          "accepted": 0,
          "attempts": 0
        },
        {
          "host": "HD 184010",
          "accepted": 0,
          "attempts": 0
        },
        {
          "host": "HD 215152",
          "accepted": 0,
          "attempts": 0
        },
        {
          "host": "HD 40307",
          "accepted": 0,
          "attempts": 0
        },
        {
          "host": "HD 7924",
          "accepted": 0,
          "attempts": 0
        },
        {
          "host": "HIP 57274",
          "accepted": 0,
          "attempts": 0
        },
        {
          "host": "Kepler-203",
          "accepted": 0,
          "attempts": 0
        },
        {
          "host": "Kepler-226",
          "accepted": 0,
          "attempts": 0
        },
        {
          "host": "Kepler-238",
          "accepted": 0,
          "attempts": 0
        },
        {
          "host": "Kepler-24",
          "accepted": 0,
          "attempts": 0
        },
        {
          "host": "Kepler-245",
          "accepted": 0,
          "attempts": 0
        },
        {
          "host": "Kepler-27",
          "accepted": 0,
          "attempts": 0
        },
        {
          "host": "Kepler-276",
          "accepted": 0,
          "attempts": 0
        },
        {
          "host": "Kepler-279",
          "accepted": 0,
          "attempts": 0
        },
        {
          "host": "Kepler-30",
          "accepted": 0,
          "attempts": 0
        },
        {
          "host": "Kepler-31",
          "accepted": 0,
          "attempts": 0
        },
        {
          "host": "Kepler-32",
          "accepted": 0,
          "attempts": 0
        },
        {
          "host": "Kepler-324",
          "accepted": 0,
          "attempts": 0
        },
        {
          "host": "Kepler-46",
          "accepted": 0,
          "attempts": 0
        },
        {
          "host": "Kepler-52",
          "accepted": 0,
          "attempts": 0
        },
        {
          "host": "Kepler-58",
          "accepted": 0,
          "attempts": 0
        },
        {
          "host": "Kepler-80",
          "accepted": 0,
          "attempts": 0
        },
        {
          "host": "TOI-7510",
          "accepted": 0,
          "attempts": 0
        }
      ]
    },
    "first_order": {
      "bins": {
        "M": {
          "n_systems": 40,
          "observed_system_mean": 23.541666666666664,
          "null_system_mean": 20.958958333333335,
          "mean_residual": 2.582708333333333,
          "residual_bootstrap_95ci": [
            -4.708494791666666,
            10.08684895833328
          ],
          "residual_ttest_p_two_sided": 0.5031287334732369
        },
        "K": {
          "n_systems": 114,
          "observed_system_mean": 18.786549707602337,
          "null_system_mean": 18.236001461988305,
          "mean_residual": 0.5505482456140353,
          "residual_bootstrap_95ci": [
            -3.495249451754385,
            4.703116593567244
          ],
          "residual_ttest_p_two_sided": 0.7947155992331643
        },
        "G": {
          "n_systems": 105,
          "observed_system_mean": 18.015873015873016,
          "null_system_mean": 17.922539682539682,
          "mean_residual": 0.09333333333333411,
          "residual_bootstrap_95ci": [
            -4.436600198412697,
            4.693951984126979
          ],
          "residual_ttest_p_two_sided": 0.968143330197341
        },
        "F": {
          "n_systems": 41,
          "observed_system_mean": 24.7444831591173,
          "null_system_mean": 19.345229384436703,
          "mean_residual": 5.399253774680604,
          "residual_bootstrap_95ci": [
            -2.2108320267131236,
            13.350941419860623
          ],
          "residual_ttest_p_two_sided": 0.1849562391776565
        }
      },
      "quadratic": {
        "beta2": 13.53098061948572,
        "t": 0.9656211033163562,
        "p_one_tailed": 0.16750970651484332
      },
      "permutation": {
        "omnibus_bin_range_p": 0.5946702664866756,